file_name,total_revenue,average_check,order_count
order_10000.csv,1069477.83,754.747939308398,1417
order_100000.csv,10874402.61,761.1396801287883,14287
